{
  "usuario":[
    {
    "id": 1,
    "usuario":"Manuel Aude",
    "email": "zaude@gmail.com"
},
    {
    "id": 2,
    "usuario":"Rogelio Chavez",
    "email": "ingrch@gmail.com"
},
    {
    "id": 3,
    "usuario":"Jesus Molinar",
    "email": "jesusmolinar@gmail.com"
}
],
"posts":[
  {
    "usuarioid":1,
    "fecha":"01/06/2024",
    "categoria":"Comentarios",
    "Titulo":"Saludos Miguel",
    "post":"Excelente tu pagina se ve muy bien creo que ese color se ve genial que padre esta"
  },
  {
    "usuarioid":1,
    "fecha":"02/06/2024",
    "categoria":"Comentarios",
    "Titulo":"Saludos Miguel",
    "post":"Excelente tu pagina se ve muy bien creo que ese color se ve genial que padre esta"
  },
  {
    "usuarioid":1,
    "fecha":"03/06/2024",
    "categoria":"Comentarios",
    "Titulo":"Saludos Miguel",
    "post":"Excelente tu pagina se ve muy bien creo que ese color se ve genial que padre esta"
  },
  {
    "usuarioid":2,
    "fecha":"01/06/2024",
    "categoria":"Comentarios",
    "Titulo":"Saludos Miguel",
    "post":"Excelente tu pagina se ve muy bien creo que ese color se ve genial que padre esta"
  },
  {
    "usuarioid":3,
    "fecha":"01/06/2024",
    "categoria":"Comentarios",
    "Titulo":"Saludos Miguel",
    "post":"Excelente persona muy trabajadora con muchos conocimientos siempre le pido ayuda cuando tengo cualquier poroblema de informatica ya sea de office o problema tecnico"
  },
  {
    "usuarioid":2,
    "fecha":"01/06/2024",
    "categoria":"Noticias",
    "Titulo":"¿Cuánto debe durar una entrada de blog? Una guía basada en datos para 2024",
    "post":"Lo ideal es que una entrada de blog tenga entre 1.500 y 2.500 palabras. Esta gama te permite cubrir temas en profundidad, proporcionar información valiosa y optimizar tu contenido para SEO. Pero, la verdad es que la longitud óptima de una entrada de blog depende de tus objetivos de contenido, las necesidades de la audiencia y la intención de búsqueda. Los artículos más largos pueden ser eficaces para temas en profundidad. Los artículos más breves pueden servir para guías prácticas o comunicados de prensa.  Una buena estrategia de contenidos abordará tanto las necesidades de contenidos de corta como de larga duración. Examinemos estos factores con más detalle y determinemos la mejor longitud de entrada de blog para cada uno de ellos. "
  }
]
}
