{
  "hash": "78f40ee2",
  "configHash": "8851b75c",
  "lockfileHash": "49d58f78",
  "browserHash": "2ef2bc1c",
  "optimized": {
    "@angular/common": {
      "src": "../../../../../node_modules/@angular/common/fesm2022/common.mjs",
      "file": "@angular_common.js",
      "fileHash": "8ac84a6a",
      "needsInterop": false
    },
    "@angular/common/http": {
      "src": "../../../../../node_modules/@angular/common/fesm2022/http.mjs",
      "file": "@angular_common_http.js",
      "fileHash": "4329e90f",
      "needsInterop": false
    },
    "@angular/core": {
      "src": "../../../../../node_modules/@angular/core/fesm2022/core.mjs",
      "file": "@angular_core.js",
      "fileHash": "9595cbaf",
      "needsInterop": false
    },
    "@angular/platform-browser": {
      "src": "../../../../../node_modules/@angular/platform-browser/fesm2022/platform-browser.mjs",
      "file": "@angular_platform-browser.js",
      "fileHash": "8af4f407",
      "needsInterop": false
    },
    "@angular/router": {
      "src": "../../../../../node_modules/@angular/router/fesm2022/router.mjs",
      "file": "@angular_router.js",
      "fileHash": "49bd2bb6",
      "needsInterop": false
    }
  },
  "chunks": {
    "chunk-74HPGAAI": {
      "file": "chunk-74HPGAAI.js"
    },
    "chunk-HXKUM5HF": {
      "file": "chunk-HXKUM5HF.js"
    },
    "chunk-XFCOUONH": {
      "file": "chunk-XFCOUONH.js"
    },
    "chunk-5FUJWLSI": {
      "file": "chunk-5FUJWLSI.js"
    }
  }
}